,location_id,date,relative_humidity_2m_previous_day1,relative_humidity_2m_previous_day2,relative_humidity_2m_previous_day3,relative_humidity_2m_previous_day4,relative_humidity_2m_previous_day5,relative_humidity_2m_previous_day6,relative_humidity_2m_previous_day7,us_aqi
0,2,2024-09-24 00:00:00+00:00,96,91,94,89,84,77,56,110.604164
1,2,2024-09-24 01:00:00+00:00,97,93,90,90,86,79,56,111.01041
2,2,2024-09-24 02:00:00+00:00,96,96,86,92,87,80,55,111.39582
3,2,2024-09-24 03:00:00+00:00,96,96,93,89,85,78,55,111.86458
4,2,2024-09-24 04:00:00+00:00,84,91,87,78,74,70,54,112.479164
5,2,2024-09-24 05:00:00+00:00,70,73,70,62,59,58,52,113.20833
6,2,2024-09-24 06:00:00+00:00,60,53,51,48,47,49,56,114.12499
7,2,2024-09-24 07:00:00+00:00,47,44,43,40,39,45,52,115.239586
8,2,2024-09-24 08:00:00+00:00,35,37,35,36,34,44,49,116.41667
9,2,2024-09-24 09:00:00+00:00,33,38,33,34,31,44,47,131.25
10,2,2024-09-24 10:00:00+00:00,28,36,32,33,29,45,46,136.35204
11,2,2024-09-24 11:00:00+00:00,28,35,27,34,29,47,47,132.5255
12,2,2024-09-24 12:00:00+00:00,36,30,30,30,41,34,51,118.49489
13,2,2024-09-24 13:00:00+00:00,37,35,34,38,46,41,55,116.12502
14,2,2024-09-24 14:00:00+00:00,42,41,41,50,54,51,59,115.52084
15,2,2024-09-24 15:00:00+00:00,56,53,55,60,61,60,63,115.187515
16,2,2024-09-24 16:00:00+00:00,68,64,66,68,66,67,64,115.0625
17,2,2024-09-24 17:00:00+00:00,73,71,72,76,70,74,65,115.00001
18,2,2024-09-24 18:00:00+00:00,72,76,86,78,73,79,66,114.947914
19,2,2024-09-24 19:00:00+00:00,75,81,86,82,74,83,67,115.03126
20,2,2024-09-24 20:00:00+00:00,74,76,84,86,73,86,67,115.35417
21,2,2024-09-24 21:00:00+00:00,68,70,82,87,72,88,67,115.87499
22,2,2024-09-24 22:00:00+00:00,65,70,83,86,71,88,67,116.57293
23,2,2024-09-24 23:00:00+00:00,64,69,83,83,70,87,67,117.354164
24,2,2024-09-25 00:00:00+00:00,60,75,83,85,58,70,68,118.03124
25,2,2024-09-25 01:00:00+00:00,57,76,80,82,55,68,67,119.0104
26,2,2024-09-25 02:00:00+00:00,51,74,78,78,54,66,65,119.635414
27,2,2024-09-25 03:00:00+00:00,50,66,76,73,54,62,62,119.53125
28,2,2024-09-25 04:00:00+00:00,55,64,69,66,55,55,56,118.875
29,2,2024-09-25 05:00:00+00:00,63,56,52,57,56,46,49,118.37499
30,2,2024-09-25 06:00:00+00:00,58,48,45,63,57,39,39,118.11458
31,2,2024-09-25 07:00:00+00:00,56,56,43,59,55,34,34,117.71874
32,2,2024-09-25 08:00:00+00:00,52,52,44,55,52,30,29,116.989586
33,2,2024-09-25 09:00:00+00:00,50,49,50,52,50,28,27,116.28125
34,2,2024-09-25 10:00:00+00:00,53,54,52,53,52,27,29,115.76042
35,2,2024-09-25 11:00:00+00:00,54,59,57,56,55,28,33,115.33334
36,2,2024-09-25 12:00:00+00:00,59,58,58,56,57,50,24,114.802086
37,2,2024-09-25 13:00:00+00:00,60,61,60,58,61,57,37,114.13543
38,2,2024-09-25 14:00:00+00:00,62,62,65,61,64,63,54,113.09374
39,2,2024-09-25 15:00:00+00:00,63,64,65,63,67,68,67,112.177086
40,2,2024-09-25 16:00:00+00:00,62,64,63,65,70,70,70,111.94792
41,2,2024-09-25 17:00:00+00:00,60,60,63,66,72,71,67,112.458336
42,2,2024-09-25 18:00:00+00:00,58,68,67,62,74,72,67,113.29167
43,2,2024-09-25 19:00:00+00:00,56,70,70,62,76,74,63,113.85416
44,2,2024-09-25 20:00:00+00:00,56,71,73,63,78,75,59,114.03124
45,2,2024-09-25 21:00:00+00:00,52,72,72,63,77,75,56,113.79167
46,2,2024-09-25 22:00:00+00:00,48,63,56,59,69,73,54,113.20832
47,2,2024-09-25 23:00:00+00:00,47,50,51,54,58,70,53,112.44791
48,2,2024-09-26 00:00:00+00:00,48,45,50,47,49,45,61,111.718735
49,2,2024-09-26 01:00:00+00:00,46,47,50,47,49,45,62,111.22916
50,2,2024-09-26 02:00:00+00:00,47,49,52,52,49,46,64,111.01042
51,2,2024-09-26 03:00:00+00:00,49,49,54,54,49,47,64,111.40626
52,2,2024-09-26 04:00:00+00:00,49,50,53,52,47,47,61,112.302086
53,2,2024-09-26 05:00:00+00:00,50,52,50,47,45,46,57,113.13542
54,2,2024-09-26 06:00:00+00:00,49,49,45,45,43,45,55,113.80208
55,2,2024-09-26 07:00:00+00:00,47,47,45,44,42,42,54,114.59374
56,2,2024-09-26 08:00:00+00:00,49,47,41,42,41,39,54,115.822914
57,2,2024-09-26 09:00:00+00:00,43,45,41,42,41,37,55,117.49999
58,2,2024-09-26 10:00:00+00:00,45,44,41,44,41,37,56,119.697914
59,2,2024-09-26 11:00:00+00:00,41,43,41,46,41,38,57,123.20834
60,2,2024-09-26 12:00:00+00:00,45,51,42,46,39,39,55,127.86043
61,2,2024-09-26 13:00:00+00:00,47,50,43,46,41,41,59,131.98752
62,2,2024-09-26 14:00:00+00:00,48,52,45,46,44,43,65,136.15836
63,2,2024-09-26 15:00:00+00:00,50,53,46,45,46,46,69,140.14584
64,2,2024-09-26 16:00:00+00:00,52,50,42,44,47,48,69,143.96667
65,2,2024-09-26 17:00:00+00:00,53,53,44,43,48,51,66,148.45834
66,2,2024-09-26 18:00:00+00:00,53,50,47,46,49,53,57,154.58958
67,2,2024-09-26 19:00:00+00:00,55,51,50,49,53,56,57,162.07083
68,2,2024-09-26 20:00:00+00:00,59,55,54,54,58,59,57,170.06459
69,2,2024-09-26 21:00:00+00:00,61,58,58,57,60,60,57,177.93124
70,2,2024-09-26 22:00:00+00:00,55,54,56,55,55,57,57,184.85625
71,2,2024-09-26 23:00:00+00:00,50,50,52,51,48,51,57,189.93123
72,2,2024-09-27 00:00:00+00:00,43,38,44,43,40,51,63,192.65623
73,2,2024-09-27 01:00:00+00:00,48,40,46,48,40,48,63,193.05417
74,2,2024-09-27 02:00:00+00:00,64,54,55,57,43,46,63,193.04375
75,2,2024-09-27 03:00:00+00:00,70,65,63,62,46,44,62,192.96666
76,2,2024-09-27 04:00:00+00:00,60,63,61,61,47,42,59,192.66667
77,2,2024-09-27 05:00:00+00:00,55,57,58,57,48,40,54,191.9875
78,2,2024-09-27 06:00:00+00:00,52,52,56,55,49,40,51,190.87083
79,2,2024-09-27 07:00:00+00:00,49,49,53,53,50,43,49,189.27916
80,2,2024-09-27 08:00:00+00:00,45,44,50,51,51,48,48,187.15417
81,2,2024-09-27 09:00:00+00:00,42,41,46,50,51,52,47,184.56459
82,2,2024-09-27 10:00:00+00:00,43,44,47,49,50,53,47,181.78127
83,2,2024-09-27 11:00:00+00:00,41,43,44,49,50,54,47,179.04585
84,2,2024-09-27 12:00:00+00:00,45,46,45,47,52,55,54,176.57085
85,2,2024-09-27 13:00:00+00:00,49,49,50,50,54,57,59,174.875
86,2,2024-09-27 14:00:00+00:00,50,53,53,54,57,58,64,173.68126
87,2,2024-09-27 15:00:00+00:00,52,55,55,58,60,60,68,172.61458
88,2,2024-09-27 16:00:00+00:00,59,59,58,60,64,62,70,170.67499
89,2,2024-09-27 17:00:00+00:00,63,62,58,61,69,64,70,166.58124
90,2,2024-09-27 18:00:00+00:00,64,65,61,62,73,66,66,160.22707
91,2,2024-09-27 19:00:00+00:00,66,66,65,64,74,68,66,152.62915
92,2,2024-09-27 20:00:00+00:00,66,66,66,65,73,70,66,145.10414
93,2,2024-09-27 21:00:00+00:00,68,66,66,66,73,72,66,140.71873
94,2,2024-09-27 22:00:00+00:00,71,72,69,67,74,73,65,137.1979
95,2,2024-09-27 23:00:00+00:00,70,71,70,68,76,73,63,134.97914
96,2,2024-09-28 00:00:00+00:00,68,68,72,64,70,77,65,133.99998
97,2,2024-09-28 01:00:00+00:00,64,68,66,65,69,78,65,134.41666
98,2,2024-09-28 02:00:00+00:00,69,71,60,67,68,78,64,134.80206
99,2,2024-09-28 03:00:00+00:00,72,74,58,65,64,75,62,134.87498
100,2,2024-09-28 04:00:00+00:00,71,66,54,56,55,66,56,134.6979
101,2,2024-09-28 05:00:00+00:00,53,48,42,44,44,53,48,134.41666
102,2,2024-09-28 06:00:00+00:00,45,36,34,35,35,42,40,134.15623
103,2,2024-09-28 07:00:00+00:00,36,27,28,29,32,35,36,134
104,2,2024-09-28 08:00:00+00:00,27,24,26,26,32,31,34,133.84375
105,2,2024-09-28 09:00:00+00:00,21,23,24,24,33,30,33,133.44792
106,2,2024-09-28 10:00:00+00:00,20,26,23,22,36,33,33,132.8646
107,2,2024-09-28 11:00:00+00:00,20,29,23,21,40,39,33,132.20833
108,2,2024-09-28 12:00:00+00:00,22,25,23,35,29,33,36,131.53127
109,2,2024-09-28 13:00:00+00:00,29,32,28,43,36,40,43,131.07292
110,2,2024-09-28 14:00:00+00:00,42,43,36,53,45,51,53,130.65625
111,2,2024-09-28 15:00:00+00:00,54,57,48,62,54,61,60,130.21875
112,2,2024-09-28 16:00:00+00:00,67,68,62,69,62,70,62,129.8021
113,2,2024-09-28 17:00:00+00:00,75,73,71,75,70,78,62,129.39584
114,2,2024-09-28 18:00:00+00:00,76,77,69,77,76,84,71,129.01042
115,2,2024-09-28 19:00:00+00:00,79,79,71,80,79,87,72,128.57292
116,2,2024-09-28 20:00:00+00:00,81,81,72,81,81,89,71,128.04167
117,2,2024-09-28 21:00:00+00:00,85,82,74,83,83,90,70,127.37501
118,2,2024-09-28 22:00:00+00:00,90,81,76,85,86,92,69,126.57292
119,2,2024-09-28 23:00:00+00:00,92,82,79,86,89,93,67,125.760414
120,2,2024-09-29 00:00:00+00:00,91,90,83,92,87,100,73,125.17707
121,2,2024-09-29 01:00:00+00:00,90,90,80,92,91,100,73,124.416664
122,2,2024-09-29 02:00:00+00:00,90,91,81,90,95,100,73,124.020836
123,2,2024-09-29 03:00:00+00:00,91,93,85,86,94,100,71,123.97917
124,2,2024-09-29 04:00:00+00:00,90,91,85,79,86,89,67,124.09377
125,2,2024-09-29 05:00:00+00:00,73,78,62,70,74,73,62,124.187515
126,2,2024-09-29 06:00:00+00:00,62,64,54,69,62,60,44,124.18751
127,2,2024-09-29 07:00:00+00:00,51,51,40,58,53,53,39,124.22917
128,2,2024-09-29 08:00:00+00:00,39,41,32,46,44,48,34,124.677086
129,2,2024-09-29 09:00:00+00:00,32,33,28,38,38,46,32,125.81251
130,2,2024-09-29 10:00:00+00:00,36,31,32,38,33,45,34,127.541664
131,2,2024-09-29 11:00:00+00:00,46,39,41,43,29,47,39,129.59373
132,2,2024-09-29 12:00:00+00:00,38,43,45,53,46,42,52,131.66669
133,2,2024-09-29 13:00:00+00:00,32,43,51,53,48,46,58,133.0625
134,2,2024-09-29 14:00:00+00:00,40,47,47,51,48,52,65,134.1875
135,2,2024-09-29 15:00:00+00:00,54,56,51,50,49,57,71,135
136,2,2024-09-29 16:00:00+00:00,64,63,54,53,53,62,73,135.34375
137,2,2024-09-29 17:00:00+00:00,69,67,56,58,59,67,74,135.46875
138,2,2024-09-29 18:00:00+00:00,68,68,61,59,64,72,74,135.45834
139,2,2024-09-29 19:00:00+00:00,69,71,62,61,68,77,74,135.31252
140,2,2024-09-29 20:00:00+00:00,68,73,65,63,71,81,74,134.8646
141,2,2024-09-29 21:00:00+00:00,69,74,70,65,74,85,73,134.01042
142,2,2024-09-29 22:00:00+00:00,74,76,73,66,78,87,72,132.75002
143,2,2024-09-29 23:00:00+00:00,78,80,76,68,81,88,71,131.15623
144,2,2024-09-30 00:00:00+00:00,83,84,78,70,78,88,53,129.34377
145,2,2024-09-30 01:00:00+00:00,83,87,79,74,81,90,51,127.6875
146,2,2024-09-30 02:00:00+00:00,84,87,78,79,86,91,49,126.04167
147,2,2024-09-30 03:00:00+00:00,87,85,80,80,87,90,46,124.458336
148,2,2024-09-30 04:00:00+00:00,83,78,75,73,84,85,43,122.94792
149,2,2024-09-30 05:00:00+00:00,69,67,66,63,77,78,39,121.4375
150,2,2024-09-30 06:00:00+00:00,59,61,59,54,71,70,36,119.89583
151,2,2024-09-30 07:00:00+00:00,48,50,53,47,65,62,32,118.3125
152,2,2024-09-30 08:00:00+00:00,43,39,49,40,58,54,28,116.69791
153,2,2024-09-30 09:00:00+00:00,33,32,43,35,52,47,28,115.05208
154,2,2024-09-30 10:00:00+00:00,31,30,40,33,46,41,33,113.5
155,2,2024-09-30 11:00:00+00:00,36,31,38,32,41,37,42,112.08333
156,2,2024-09-30 12:00:00+00:00,39,30,46,38,38,36,64,110.760414
157,2,2024-09-30 13:00:00+00:00,46,45,56,43,44,47,69,110.322914
158,2,2024-09-30 14:00:00+00:00,70,65,55,51,53,63,74,109.58333
159,2,2024-09-30 15:00:00+00:00,71,65,62,57,59,74,77,108.16666
160,2,2024-09-30 16:00:00+00:00,68,65,65,58,60,77,78,106.38541
161,2,2024-09-30 17:00:00+00:00,72,63,63,58,59,76,76,104.37501
162,2,2024-09-30 18:00:00+00:00,76,66,62,62,60,75,75,102.37501
163,2,2024-09-30 19:00:00+00:00,78,69,61,63,66,76,75,100.583336
164,2,2024-09-30 20:00:00+00:00,81,71,61,64,74,76,75,99.36171
165,2,2024-09-30 21:00:00+00:00,83,72,63,65,80,77,75,98.69681
166,2,2024-09-30 22:00:00+00:00,85,73,65,66,83,77,74,98.466324
167,2,2024-09-30 23:00:00+00:00,87,74,68,67,84,77,73,98.55497