location_id,date,relative_humidity_2m_previous_day1,relative_humidity_2m_previous_day2,relative_humidity_2m_previous_day3,relative_humidity_2m_previous_day4,relative_humidity_2m_previous_day5,relative_humidity_2m_previous_day6,relative_humidity_2m_previous_day7,month,weekday,hour,average_humidity,relative_humidity_2m,us_aqi
2,2024-09-24 00:00:00+00:00,96.0,91.0,94.0,89.0,84.0,77.0,56.0,9,1,0,83.86,86.0,180.36458
2,2024-09-24 01:00:00+00:00,97.0,93.0,90.0,90.0,86.0,79.0,56.0,9,1,1,84.43,88.0,184.39166
2,2024-09-24 02:00:00+00:00,96.0,96.0,86.0,92.0,87.0,80.0,55.0,9,1,2,84.57,90.0,188.54375
2,2024-09-24 03:00:00+00:00,96.0,96.0,93.0,89.0,85.0,78.0,55.0,9,1,3,84.57,89.0,192.29791
2,2024-09-24 04:00:00+00:00,84.0,91.0,87.0,78.0,74.0,70.0,54.0,9,1,4,76.86,84.0,195.29584
2,2024-09-24 05:00:00+00:00,70.0,73.0,70.0,62.0,59.0,58.0,52.0,9,1,5,63.43,70.0,197.37083
2,2024-09-24 06:00:00+00:00,60.0,53.0,51.0,48.0,47.0,49.0,56.0,9,1,6,52.0,51.0,198.5354
2,2024-09-24 07:00:00+00:00,47.0,44.0,43.0,40.0,39.0,45.0,52.0,9,1,7,44.29,41.0,198.94373
2,2024-09-24 08:00:00+00:00,35.0,37.0,35.0,36.0,34.0,44.0,49.0,9,1,8,38.57,32.0,198.61456
2,2024-09-24 09:00:00+00:00,33.0,38.0,33.0,34.0,31.0,44.0,47.0,9,1,9,37.14,29.0,197.8979
2,2024-09-24 10:00:00+00:00,28.0,36.0,32.0,33.0,29.0,45.0,46.0,9,1,10,35.57,30.0,196.96663
2,2024-09-24 11:00:00+00:00,28.0,35.0,27.0,34.0,29.0,47.0,47.0,9,1,11,35.29,31.0,195.91875
2,2024-09-24 12:00:00+00:00,36.0,30.0,30.0,30.0,41.0,34.0,51.0,9,1,12,36.0,31.0,194.85207
2,2024-09-24 13:00:00+00:00,37.0,35.0,34.0,38.0,46.0,41.0,55.0,9,1,13,40.86,35.0,193.7458
2,2024-09-24 14:00:00+00:00,42.0,41.0,41.0,50.0,54.0,51.0,59.0,9,1,14,48.29,40.0,192.50415
2,2024-09-24 15:00:00+00:00,56.0,53.0,55.0,60.0,61.0,60.0,63.0,9,1,15,58.29,50.0,190.72083
2,2024-09-24 16:00:00+00:00,68.0,64.0,66.0,68.0,66.0,67.0,64.0,9,1,16,66.14,61.0,188.17082
2,2024-09-24 17:00:00+00:00,73.0,71.0,72.0,76.0,70.0,74.0,65.0,9,1,17,71.57,67.0,184.79375
2,2024-09-24 18:00:00+00:00,72.0,76.0,86.0,78.0,73.0,79.0,66.0,9,1,18,75.71,72.0,180.94374
2,2024-09-24 19:00:00+00:00,75.0,81.0,86.0,82.0,74.0,83.0,67.0,9,1,19,78.29,74.0,176.73543
2,2024-09-24 20:00:00+00:00,74.0,76.0,84.0,86.0,73.0,86.0,67.0,9,1,20,78.0,77.0,172.35
2,2024-09-24 21:00:00+00:00,68.0,70.0,82.0,87.0,72.0,88.0,67.0,9,1,21,76.29,80.0,167.78958
2,2024-09-24 22:00:00+00:00,65.0,70.0,83.0,86.0,71.0,88.0,67.0,9,1,22,75.71,83.0,163.10417
2,2024-09-24 23:00:00+00:00,64.0,69.0,83.0,83.0,70.0,87.0,67.0,9,1,23,74.71,86.0,158.26459
2,2024-09-25 00:00:00+00:00,60.0,75.0,83.0,85.0,58.0,70.0,68.0,9,2,0,71.29,89.0,153.31667
2,2024-09-25 01:00:00+00:00,57.0,76.0,80.0,82.0,55.0,68.0,67.0,9,2,1,69.29,88.0,148.3
2,2024-09-25 02:00:00+00:00,51.0,74.0,78.0,78.0,54.0,66.0,65.0,9,2,2,66.57,83.0,143.26666
2,2024-09-25 03:00:00+00:00,50.0,66.0,76.0,73.0,54.0,62.0,62.0,9,2,3,63.29,81.0,138.46457
2,2024-09-25 04:00:00+00:00,55.0,64.0,69.0,66.0,55.0,55.0,56.0,9,2,4,60.0,70.0,134.225
2,2024-09-25 05:00:00+00:00,63.0,56.0,52.0,57.0,56.0,46.0,49.0,9,2,5,54.14,54.0,130.65625
2,2024-09-25 06:00:00+00:00,58.0,48.0,45.0,63.0,57.0,39.0,39.0,9,2,6,49.86,43.0,127.72708
2,2024-09-25 07:00:00+00:00,56.0,56.0,43.0,59.0,55.0,34.0,34.0,9,2,7,48.14,33.0,125.23333
2,2024-09-25 08:00:00+00:00,52.0,52.0,44.0,55.0,52.0,30.0,29.0,9,2,8,44.86,30.0,123.79166
2,2024-09-25 09:00:00+00:00,50.0,49.0,50.0,52.0,50.0,28.0,27.0,9,2,9,43.71,25.0,123.72916
2,2024-09-25 10:00:00+00:00,53.0,54.0,52.0,53.0,52.0,27.0,29.0,9,2,10,45.71,22.0,123.875
2,2024-09-25 11:00:00+00:00,54.0,59.0,57.0,56.0,55.0,28.0,33.0,9,2,11,48.86,20.0,123.89582
2,2024-09-25 12:00:00+00:00,59.0,58.0,58.0,56.0,57.0,50.0,24.0,9,2,12,51.71,26.0,123.552086
2,2024-09-25 13:00:00+00:00,60.0,61.0,60.0,58.0,61.0,57.0,37.0,9,2,13,56.29,36.0,122.72916
2,2024-09-25 14:00:00+00:00,62.0,62.0,65.0,61.0,64.0,63.0,54.0,9,2,14,61.57,51.0,121.875
2,2024-09-25 15:00:00+00:00,63.0,64.0,65.0,63.0,67.0,68.0,67.0,9,2,15,65.29,58.0,121.25
2,2024-09-25 16:00:00+00:00,62.0,64.0,63.0,65.0,70.0,70.0,70.0,9,2,16,66.29,59.0,120.875
2,2024-09-25 17:00:00+00:00,60.0,60.0,63.0,66.0,72.0,71.0,67.0,9,2,17,65.57,60.0,120.54166
2,2024-09-25 18:00:00+00:00,58.0,68.0,67.0,62.0,74.0,72.0,67.0,9,2,18,66.86,61.0,120.312515
2,2024-09-25 19:00:00+00:00,56.0,70.0,70.0,62.0,76.0,74.0,63.0,9,2,19,67.29,60.0,120.260414
2,2024-09-25 20:00:00+00:00,56.0,71.0,73.0,63.0,78.0,75.0,59.0,9,2,20,67.86,63.0,120.44792
2,2024-09-25 21:00:00+00:00,52.0,72.0,72.0,63.0,77.0,75.0,56.0,9,2,21,66.71,65.0,120.79167
2,2024-09-25 22:00:00+00:00,48.0,63.0,56.0,59.0,69.0,73.0,54.0,9,2,22,60.29,66.0,121.20834
2,2024-09-25 23:00:00+00:00,47.0,50.0,51.0,54.0,58.0,70.0,53.0,9,2,23,54.71,66.0,121.65625
2,2024-09-26 00:00:00+00:00,48.0,45.0,50.0,47.0,49.0,45.0,61.0,9,3,0,49.29,75.0,122.21875
2,2024-09-26 01:00:00+00:00,46.0,47.0,50.0,47.0,49.0,45.0,62.0,9,3,1,49.43,76.0,122.59376
2,2024-09-26 02:00:00+00:00,47.0,49.0,52.0,52.0,49.0,46.0,64.0,9,3,2,51.29,78.0,123.281265
2,2024-09-26 03:00:00+00:00,49.0,49.0,54.0,54.0,49.0,47.0,64.0,9,3,3,52.29,68.0,124.416664
2,2024-09-26 04:00:00+00:00,49.0,50.0,53.0,52.0,47.0,47.0,61.0,9,3,4,51.29,68.0,125.5
2,2024-09-26 05:00:00+00:00,50.0,52.0,50.0,47.0,45.0,46.0,57.0,9,3,5,49.57,68.0,126.17709
2,2024-09-26 06:00:00+00:00,49.0,49.0,45.0,45.0,43.0,45.0,55.0,9,3,6,47.29,46.0,126.583336
2,2024-09-26 07:00:00+00:00,47.0,47.0,45.0,44.0,42.0,42.0,54.0,9,3,7,45.86,45.0,129.13542
2,2024-09-26 08:00:00+00:00,49.0,47.0,41.0,42.0,41.0,39.0,54.0,9,3,8,44.71,42.0,130.89166
2,2024-09-26 09:00:00+00:00,43.0,45.0,41.0,42.0,41.0,37.0,55.0,9,3,9,43.43,38.0,131.75626
2,2024-09-26 10:00:00+00:00,45.0,44.0,41.0,44.0,41.0,37.0,56.0,9,3,10,44.0,32.0,131.65002
2,2024-09-26 11:00:00+00:00,41.0,43.0,41.0,46.0,41.0,38.0,57.0,9,3,11,43.86,32.0,130.66043
2,2024-09-26 12:00:00+00:00,45.0,51.0,42.0,46.0,39.0,39.0,55.0,9,3,12,45.29,33.0,129.06044
2,2024-09-26 13:00:00+00:00,47.0,50.0,43.0,46.0,41.0,41.0,59.0,9,3,13,46.71,36.0,127.76044
2,2024-09-26 14:00:00+00:00,48.0,52.0,45.0,46.0,44.0,43.0,65.0,9,3,14,49.0,39.0,126.88543
2,2024-09-26 15:00:00+00:00,50.0,53.0,46.0,45.0,46.0,46.0,69.0,9,3,15,50.71,47.0,126.35208
2,2024-09-26 16:00:00+00:00,52.0,50.0,42.0,44.0,47.0,48.0,69.0,9,3,16,50.29,51.0,125.85833
2,2024-09-26 17:00:00+00:00,53.0,53.0,44.0,43.0,48.0,51.0,66.0,9,3,17,51.14,50.0,125.22708
2,2024-09-26 18:00:00+00:00,53.0,50.0,47.0,46.0,49.0,53.0,57.0,9,3,18,50.71,50.0,124.31458
2,2024-09-26 19:00:00+00:00,55.0,51.0,50.0,49.0,53.0,56.0,57.0,9,3,19,53.0,50.0,123.15625
2,2024-09-26 20:00:00+00:00,59.0,55.0,54.0,54.0,58.0,59.0,57.0,9,3,20,56.57,53.0,122.05832
2,2024-09-26 21:00:00+00:00,61.0,58.0,58.0,57.0,60.0,60.0,57.0,9,3,21,58.71,49.0,121.45624
2,2024-09-26 22:00:00+00:00,55.0,54.0,56.0,55.0,55.0,57.0,57.0,9,3,22,55.57,46.0,121.62085
2,2024-09-26 23:00:00+00:00,50.0,50.0,52.0,51.0,48.0,51.0,57.0,9,3,23,51.29,45.0,122.36875
2,2024-09-27 00:00:00+00:00,43.0,38.0,44.0,43.0,40.0,51.0,63.0,9,4,0,46.0,57.0,123.212494
2,2024-09-27 01:00:00+00:00,48.0,40.0,46.0,48.0,40.0,48.0,63.0,9,4,1,47.57,58.0,124.345825
2,2024-09-27 02:00:00+00:00,64.0,54.0,55.0,57.0,43.0,46.0,63.0,9,4,2,54.57,61.0,124.51041
2,2024-09-27 03:00:00+00:00,70.0,65.0,63.0,62.0,46.0,44.0,62.0,9,4,3,58.86,64.0,123.17291
2,2024-09-27 04:00:00+00:00,60.0,63.0,61.0,61.0,47.0,42.0,59.0,9,4,4,56.14,57.0,120.92292
2,2024-09-27 05:00:00+00:00,55.0,57.0,58.0,57.0,48.0,40.0,54.0,9,4,5,52.71,50.0,118.11875
2,2024-09-27 06:00:00+00:00,52.0,52.0,56.0,55.0,49.0,40.0,51.0,9,4,6,50.71,42.0,114.90834
2,2024-09-27 07:00:00+00:00,49.0,49.0,53.0,53.0,50.0,43.0,49.0,9,4,7,49.43,44.0,111.63751
2,2024-09-27 08:00:00+00:00,45.0,44.0,50.0,51.0,51.0,48.0,48.0,9,4,8,48.14,43.0,108.825005
2,2024-09-27 09:00:00+00:00,42.0,41.0,46.0,50.0,51.0,52.0,47.0,9,4,9,47.0,37.0,106.7375
2,2024-09-27 10:00:00+00:00,43.0,44.0,47.0,49.0,50.0,53.0,47.0,9,4,10,47.57,34.0,105.525
2,2024-09-27 11:00:00+00:00,41.0,43.0,44.0,49.0,50.0,54.0,47.0,9,4,11,46.86,33.0,105.08751
2,2024-09-27 12:00:00+00:00,45.0,46.0,45.0,47.0,52.0,55.0,54.0,9,4,12,49.14,37.0,105.058334
2,2024-09-27 13:00:00+00:00,49.0,49.0,50.0,50.0,54.0,57.0,59.0,9,4,13,52.57,39.0,104.89375
2,2024-09-27 14:00:00+00:00,50.0,53.0,53.0,54.0,57.0,58.0,64.0,9,4,14,55.57,47.0,104.17292
2,2024-09-27 15:00:00+00:00,52.0,55.0,55.0,58.0,60.0,60.0,68.0,9,4,15,58.29,54.0,103.06667
2,2024-09-27 16:00:00+00:00,59.0,59.0,58.0,60.0,64.0,62.0,70.0,9,4,16,61.71,63.0,101.89167
2,2024-09-27 17:00:00+00:00,63.0,62.0,58.0,61.0,69.0,64.0,70.0,9,4,17,63.86,70.0,100.86875
2,2024-09-27 18:00:00+00:00,64.0,65.0,61.0,62.0,73.0,66.0,66.0,9,4,18,65.29,71.0,100.120834
2,2024-09-27 19:00:00+00:00,66.0,66.0,65.0,64.0,74.0,68.0,66.0,9,4,19,67.0,72.0,99.63959
2,2024-09-27 20:00:00+00:00,66.0,66.0,66.0,65.0,73.0,70.0,66.0,9,4,20,67.43,72.0,99.15625
2,2024-09-27 21:00:00+00:00,68.0,66.0,66.0,66.0,73.0,72.0,66.0,9,4,21,68.14,73.0,98.32709
2,2024-09-27 22:00:00+00:00,71.0,72.0,69.0,67.0,74.0,73.0,65.0,9,4,22,70.14,74.0,96.98332
2,2024-09-27 23:00:00+00:00,70.0,71.0,70.0,68.0,76.0,73.0,63.0,9,4,23,70.14,75.0,95.145836
2,2024-09-28 00:00:00+00:00,68.0,68.0,72.0,64.0,70.0,77.0,65.0,9,5,0,69.14,79.0,92.964584
2,2024-09-28 01:00:00+00:00,64.0,68.0,66.0,65.0,69.0,78.0,65.0,9,5,1,67.86,81.0,90.575
2,2024-09-28 02:00:00+00:00,69.0,71.0,60.0,67.0,68.0,78.0,64.0,9,5,2,68.14,85.0,88.0625
2,2024-09-28 03:00:00+00:00,72.0,74.0,58.0,65.0,64.0,75.0,62.0,9,5,3,67.14,87.0,85.535416
2,2024-09-28 04:00:00+00:00,71.0,66.0,54.0,56.0,55.0,66.0,56.0,9,5,4,60.57,80.0,83.32291
2,2024-09-28 05:00:00+00:00,53.0,48.0,42.0,44.0,44.0,53.0,48.0,9,5,5,47.43,65.0,81.71874
2,2024-09-28 06:00:00+00:00,45.0,36.0,34.0,35.0,35.0,42.0,40.0,9,5,6,38.14,58.0,80.8729
2,2024-09-28 07:00:00+00:00,36.0,27.0,28.0,29.0,32.0,35.0,36.0,9,5,7,31.86,50.0,80.56874
2,2024-09-28 08:00:00+00:00,27.0,24.0,26.0,26.0,32.0,31.0,34.0,9,5,8,28.57,46.0,80.4125
2,2024-09-28 09:00:00+00:00,21.0,23.0,24.0,24.0,33.0,30.0,33.0,9,5,9,26.86,43.0,80.25833
2,2024-09-28 10:00:00+00:00,20.0,26.0,23.0,22.0,36.0,33.0,33.0,9,5,10,27.57,45.0,79.97708
2,2024-09-28 11:00:00+00:00,20.0,29.0,23.0,21.0,40.0,39.0,33.0,9,5,11,29.29,47.0,79.54167
2,2024-09-28 12:00:00+00:00,22.0,25.0,23.0,35.0,29.0,33.0,36.0,9,5,12,29.0,48.0,79.027084
2,2024-09-28 13:00:00+00:00,29.0,32.0,28.0,43.0,36.0,40.0,43.0,9,5,13,35.86,53.0,79.12234
2,2024-09-28 14:00:00+00:00,42.0,43.0,36.0,53.0,45.0,51.0,53.0,9,5,14,46.14,57.0,79.335106
2,2024-09-28 15:00:00+00:00,54.0,57.0,48.0,62.0,54.0,61.0,60.0,9,5,15,56.57,66.0,79.583336
2,2024-09-28 16:00:00+00:00,67.0,68.0,62.0,69.0,62.0,70.0,62.0,9,5,16,65.71,72.0,79.92908
2,2024-09-28 17:00:00+00:00,75.0,73.0,71.0,75.0,70.0,78.0,62.0,9,5,17,72.0,77.0,80.33688
2,2024-09-28 18:00:00+00:00,76.0,77.0,69.0,77.0,76.0,84.0,71.0,9,5,18,75.71,81.0,80.72695
2,2024-09-28 19:00:00+00:00,79.0,79.0,71.0,80.0,79.0,87.0,72.0,9,5,19,78.14,83.0,81.0727
2,2024-09-28 20:00:00+00:00,81.0,81.0,72.0,81.0,81.0,89.0,71.0,9,5,20,79.43,84.0,81.34753
2,2024-09-28 21:00:00+00:00,85.0,82.0,74.0,83.0,83.0,90.0,70.0,9,5,21,81.0,85.0,81.53369
2,2024-09-28 22:00:00+00:00,90.0,81.0,76.0,85.0,86.0,92.0,69.0,9,5,22,82.71,87.0,81.631195
2,2024-09-28 23:00:00+00:00,92.0,82.0,79.0,86.0,89.0,93.0,67.0,9,5,23,84.0,88.0,81.64007
2,2024-09-29 00:00:00+00:00,91.0,90.0,83.0,92.0,87.0,100.0,73.0,9,6,0,88.0,89.0,81.56914
2,2024-09-29 01:00:00+00:00,90.0,90.0,80.0,92.0,91.0,100.0,73.0,9,6,1,88.0,89.0,81.35638
2,2024-09-29 02:00:00+00:00,90.0,91.0,81.0,90.0,95.0,100.0,73.0,9,6,2,88.57,89.0,81.17908
2,2024-09-29 03:00:00+00:00,91.0,93.0,85.0,86.0,94.0,100.0,71.0,9,6,3,88.57,89.0,81.06383
2,2024-09-29 04:00:00+00:00,90.0,91.0,85.0,79.0,86.0,89.0,67.0,9,6,4,83.86,86.0,81.028366
2,2024-09-29 05:00:00+00:00,73.0,78.0,62.0,70.0,74.0,73.0,62.0,9,6,5,70.29,72.0,81.03723
2,2024-09-29 06:00:00+00:00,62.0,64.0,54.0,69.0,62.0,60.0,44.0,9,6,6,59.29,60.0,81.08156
2,2024-09-29 07:00:00+00:00,51.0,51.0,40.0,58.0,53.0,53.0,39.0,9,6,7,49.29,54.0,81.11702
2,2024-09-29 08:00:00+00:00,39.0,41.0,32.0,46.0,44.0,48.0,34.0,9,6,8,40.57,47.0,81.17021
2,2024-09-29 09:00:00+00:00,32.0,33.0,28.0,38.0,38.0,46.0,32.0,9,6,9,35.29,48.0,81.258865
2,2024-09-29 10:00:00+00:00,36.0,31.0,32.0,38.0,33.0,45.0,34.0,9,6,10,35.57,49.0,81.43617
2,2024-09-29 11:00:00+00:00,46.0,39.0,41.0,43.0,29.0,47.0,39.0,9,6,11,40.57,51.0,81.65781
2,2024-09-29 12:00:00+00:00,38.0,43.0,45.0,53.0,46.0,42.0,52.0,9,6,12,45.57,51.0,81.835106
2,2024-09-29 13:00:00+00:00,32.0,43.0,51.0,53.0,48.0,46.0,58.0,9,6,13,47.29,56.0,81.82625
2,2024-09-29 14:00:00+00:00,40.0,47.0,47.0,51.0,48.0,52.0,65.0,9,6,14,50.0,61.0,81.63121
2,2024-09-29 15:00:00+00:00,54.0,56.0,51.0,50.0,49.0,57.0,71.0,9,6,15,55.43,70.0,81.36525
2,2024-09-29 16:00:00+00:00,64.0,63.0,54.0,53.0,53.0,62.0,73.0,9,6,16,60.29,74.0,81.11702
2,2024-09-29 17:00:00+00:00,69.0,67.0,56.0,58.0,59.0,67.0,74.0,9,6,17,64.29,76.0,80.98405
2,2024-09-29 18:00:00+00:00,68.0,68.0,61.0,59.0,64.0,72.0,74.0,9,6,18,66.57,85.0,81.01064
2,2024-09-29 19:00:00+00:00,69.0,71.0,62.0,61.0,68.0,77.0,74.0,9,6,19,68.86,86.0,81.18794
2,2024-09-29 20:00:00+00:00,68.0,73.0,65.0,63.0,71.0,81.0,74.0,9,6,20,70.71,88.0,81.498215
2,2024-09-29 21:00:00+00:00,69.0,74.0,70.0,65.0,74.0,85.0,73.0,9,6,21,72.86,89.0,81.92375
2,2024-09-29 22:00:00+00:00,74.0,76.0,73.0,66.0,78.0,87.0,72.0,9,6,22,75.14,89.0,82.46453
2,2024-09-29 23:00:00+00:00,78.0,80.0,76.0,68.0,81.0,88.0,71.0,9,6,23,77.43,89.0,83.13829
2,2024-09-30 00:00:00+00:00,83.0,84.0,78.0,70.0,78.0,88.0,53.0,9,0,0,76.29,100.0,83.9273
2,2024-09-30 01:00:00+00:00,83.0,87.0,79.0,74.0,81.0,90.0,51.0,9,0,1,77.86,100.0,84.75177
2,2024-09-30 02:00:00+00:00,84.0,87.0,78.0,79.0,86.0,91.0,49.0,9,0,2,79.14,100.0,85.57623
2,2024-09-30 03:00:00+00:00,87.0,85.0,80.0,80.0,87.0,90.0,46.0,9,0,3,79.29,99.0,86.36525
2,2024-09-30 04:00:00+00:00,83.0,78.0,75.0,73.0,84.0,85.0,43.0,9,0,4,74.43,94.0,87.15426
2,2024-09-30 05:00:00+00:00,69.0,67.0,66.0,63.0,77.0,78.0,39.0,9,0,5,65.57,78.0,87.96986
2,2024-09-30 06:00:00+00:00,59.0,61.0,59.0,54.0,71.0,70.0,36.0,9,0,6,58.57,64.0,88.758865
2,2024-09-30 07:00:00+00:00,48.0,50.0,53.0,47.0,65.0,62.0,32.0,9,0,7,51.0,51.0,89.57447
2,2024-09-30 08:00:00+00:00,43.0,39.0,49.0,40.0,58.0,54.0,28.0,9,0,8,44.43,41.0,90.43439
2,2024-09-30 09:00:00+00:00,33.0,32.0,43.0,35.0,52.0,47.0,28.0,9,0,9,38.57,34.0,124.2347
2,2024-09-30 10:00:00+00:00,31.0,30.0,40.0,33.0,46.0,41.0,33.0,9,0,10,36.29,30.0,139.5408
2,2024-09-30 11:00:00+00:00,36.0,31.0,38.0,32.0,41.0,37.0,42.0,9,0,11,36.71,29.0,148.46939
2,2024-09-30 12:00:00+00:00,39.0,30.0,46.0,38.0,38.0,36.0,64.0,9,0,12,41.57,40.0,171.42856
2,2024-09-30 13:00:00+00:00,46.0,45.0,56.0,43.0,44.0,47.0,69.0,9,0,13,50.0,44.0,153.57144
2,2024-09-30 14:00:00+00:00,70.0,65.0,55.0,51.0,53.0,63.0,74.0,9,0,14,61.57,49.0,128.69897
2,2024-09-30 15:00:00+00:00,71.0,65.0,62.0,57.0,59.0,74.0,77.0,9,0,15,66.43,64.0,106.37754
2,2024-09-30 16:00:00+00:00,68.0,65.0,65.0,58.0,60.0,77.0,78.0,9,0,16,67.29,76.0,101.958336
2,2024-09-30 17:00:00+00:00,72.0,63.0,63.0,58.0,59.0,76.0,76.0,9,0,17,66.71,83.0,103.5625
2,2024-09-30 18:00:00+00:00,76.0,66.0,62.0,62.0,60.0,75.0,75.0,9,0,18,68.0,86.0,104.93751
2,2024-09-30 19:00:00+00:00,78.0,69.0,61.0,63.0,66.0,76.0,75.0,9,0,19,69.71,90.0,106.135414
2,2024-09-30 20:00:00+00:00,81.0,71.0,61.0,64.0,74.0,76.0,75.0,9,0,20,71.71,93.0,107.15625
2,2024-09-30 21:00:00+00:00,83.0,72.0,63.0,65.0,80.0,77.0,75.0,9,0,21,73.57,94.0,108.09375
2,2024-09-30 22:00:00+00:00,85.0,73.0,65.0,66.0,83.0,77.0,74.0,9,0,22,74.71,95.0,108.95833
2,2024-09-30 23:00:00+00:00,87.0,74.0,68.0,67.0,84.0,77.0,73.0,9,0,23,75.71,96.0,109.770836
